project_name,sha,flaky_tests
fastjson,5c6d6fd471ea1fab59f0df2dd31e0b936806780d,com.alibaba.json.bvt.issue_1100.Issue1177_1.test_for_issue
fastjson,93d8c01e907fe35a8ff0eb5fe1c3b279d2f30282,com.alibaba.json.bvt.issue_2100.Issue2182.test_for_issue
adyen-java-api-library,6fb5cd049b57a22d2ec4465d204c15f1c90dd325,com.adyen.CheckoutTest.TestDragonpayDetailsSerialization
fastjson,3ea25de368b185e3c9f3d56e46a4cfcdb9265318,com.alibaba.json.bvt.writeClassName.WriteDuplicateType.test_dupType
adyen-java-api-library,6fb5cd049b57a22d2ec4465d204c15f1c90dd325,com.adyen.CheckoutTest.TestBacsDirectDebitDetailsSerialization
fastjson,5c6d6fd471ea1fab59f0df2dd31e0b936806780d,com.alibaba.json.bvt.support.spring.mock.testcase.FastJsonpHttpMessageConverter4Case2Test.test2_2
fastjson,5c6d6fd471ea1fab59f0df2dd31e0b936806780d,com.alibaba.json.bvt.issue_1700.Issue1780_JSONObject.test_for_issue
adyen-java-api-library,6fb5cd049b57a22d2ec4465d204c15f1c90dd325,com.adyen.CheckoutTest.TestEncryptedPaymentMethodDetails
alibabacloud-tairjedis-sdk,f6215930b9e21a5252c95296d9924b3c4524d9f6,com.aliyun.tair.tests.tairzset.DistributedLeaderBoardTest.leaders_i_test
alibabacloud-tairjedis-sdk,f6215930b9e21a5252c95296d9924b3c4524d9f6,com.aliyun.tair.tests.tairzset.DistributedLeaderBoardTest.rank_for_test
fastjson,3ea25de368b185e3c9f3d56e46a4cfcdb9265318,com.alibaba.json.bvt.bug.Bug_for_yangzhou.test_for_issue
easyexcel,756f16e42fbd7bc5c7fa18426cbc02fc81a42057,com.alibaba.easyexcel.test.core.converter.ConverterDataTest.t04ReadAllConverter03
alibabacloud-tairjedis-sdk,f6215930b9e21a5252c95296d9924b3c4524d9f6,com.aliyun.tair.tests.tairstring.TairStringClusterTest
fastjson,5c6d6fd471ea1fab59f0df2dd31e0b936806780d,com.alibaba.json.bvt.issue_2400.Issue2430.testForIssue
adyen-java-api-library,6fb5cd049b57a22d2ec4465d204c15f1c90dd325,com.adyen.CheckoutTest.TestVisaCheckoutDetailsSerialization
fastjson,e05e9c5e4be580691cc55a59f3256595393203a1,com.alibaba.json.bvt.joda.JodaTest_7_DateTimeZone.test_for_joda_0
fastjson,3ea25de368b185e3c9f3d56e46a4cfcdb9265318,com.alibaba.json.bvt.issue_1100.Issue1177_1.test_for_issue
fastjson,3ea25de368b185e3c9f3d56e46a4cfcdb9265318,com.alibaba.json.bvt.support.spring.mock.testcase.FastJsonpHttpMessageConverter4Case2Test.test2_2
fastjson,3ea25de368b185e3c9f3d56e46a4cfcdb9265318,com.alibaba.json.bvt.issue_1700.Issue1780_JSONObject.test_for_issue
fastjson,5c6d6fd471ea1fab59f0df2dd31e0b936806780d,com.alibaba.json.bvt.issue_2400.Issue2430.testForIssue2
alibabacloud-tairjedis-sdk,f6215930b9e21a5252c95296d9924b3c4524d9f6,com.aliyun.tair.tests.tairzset.DistributedLeaderBoardTest.rank_reverse_test
mercury,8586dc79f8bf75a929896f0aac03fe95824d9578,java.lang.AssertionError
adyen-java-api-library,6fb5cd049b57a22d2ec4465d204c15f1c90dd325,com.adyen.CheckoutTest.TestMbwayDetailsSerialization
adyen-java-api-library,6fb5cd049b57a22d2ec4465d204c15f1c90dd325,com.adyen.serializer.SaleToAcquirerDataSerializerTest.testSerialize
fastjson,a7f1f5c4ac52503cc95bf1d27498098b3093a0df,com.alibaba.json.bvt.support.spring.mock.testcase.FastJsonpHttpMessageConverter4Case2Test.test2_2
fastjson,e05e9c5e4be580691cc55a59f3256595393203a1,com.alibaba.json.bvt.joda.JodaTest_8_DateTimeTest.test_for_long
fastjson,e05e9c5e4be580691cc55a59f3256595393203a1,com.alibaba.json.bvt.path.JSONPath_field_wildcard_filter_double.test_list_map_0
fastjson,a7f1f5c4ac52503cc95bf1d27498098b3093a0df,com.alibaba.json.bvt.geo.FeatureCollectionTest.test_geo
fastjson,93d8c01e907fe35a8ff0eb5fe1c3b279d2f30282,com.alibaba.json.bvt.issue_1100.Issue1177_1.test_for_issue
fastjson,a7f1f5c4ac52503cc95bf1d27498098b3093a0df,com.alibaba.json.bvt.support.spring.mock.testcase.FastJsonpHttpMessageConverter4Case1Test.test1_2
alibabacloud-tairjedis-sdk,f6215930b9e21a5252c95296d9924b3c4524d9f6,com.aliyun.tair.tests.tairzset.LeaderBoardTest.remove_members_in_score_range_test
adyen-java-api-library,6fb5cd049b57a22d2ec4465d204c15f1c90dd325,com.adyen.CheckoutTest.TestPaymentMethodDetails
fastjson,3ea25de368b185e3c9f3d56e46a4cfcdb9265318,com.alibaba.json.bvt.issue_2400.Issue2430.testForIssue
alibabacloud-tairjedis-sdk,f6215930b9e21a5252c95296d9924b3c4524d9f6,com.aliyun.tair.tests.tairdoc.TairDocPipelineTest
fastjson,3ea25de368b185e3c9f3d56e46a4cfcdb9265318,com.alibaba.json.bvt.issue_2400.Issue2430.testForIssue2
alibabacloud-tairjedis-sdk,f6215930b9e21a5252c95296d9924b3c4524d9f6,com.aliyun.tair.tests.tairsearch.TairSearchClusterTest
adyen-java-api-library,6fb5cd049b57a22d2ec4465d204c15f1c90dd325,com.adyen.CheckoutTest.TestGiropayDetailsSerialization
fastjson,a7f1f5c4ac52503cc95bf1d27498098b3093a0df,com.alibaba.json.bvt.JSONObjectTest_readObject.test_6
fastjson,e05e9c5e4be580691cc55a59f3256595393203a1,com.alibaba.json.bvt.path.JSONPath_field_wildcard_filter_float.test_list_map_0
fastjson,e05e9c5e4be580691cc55a59f3256595393203a1,com.alibaba.json.bvt.asm.SortFieldTest.test_1
adyen-java-api-library,6fb5cd049b57a22d2ec4465d204c15f1c90dd325,com.adyen.CheckoutTest.TestBlikDetailsSerialization
easyexcel,756f16e42fbd7bc5c7fa18426cbc02fc81a42057,com.alibaba.easyexcel.test.core.excludeorinclude.ExcludeOrIncludeDataTest.t02ExcludeIndex07
easyexcel,756f16e42fbd7bc5c7fa18426cbc02fc81a42057,com.alibaba.easyexcel.test.core.dataformat.DateFormatTest.t01Read07
adyen-java-api-library,6fb5cd049b57a22d2ec4465d204c15f1c90dd325,com.adyen.service.CheckoutTest.testPaymentsRequestWithXidAndCavv
easyexcel,756f16e42fbd7bc5c7fa18426cbc02fc81a42057,com.alibaba.easyexcel.test.core.excludeorinclude.ExcludeOrIncludeDataTest.t07IncludeFiledName07
alibabacloud-tairjedis-sdk,f6215930b9e21a5252c95296d9924b3c4524d9f6,com.aliyun.tair.tests.tairts.TairTsStringClusterTest
fastjson,e05e9c5e4be580691cc55a59f3256595393203a1,com.alibaba.json.bvt.support.spring.mock.testcase.FastJsonpHttpMessageConverter4Case3Test.test2_2
alibabacloud-tairjedis-sdk,f6215930b9e21a5252c95296d9924b3c4524d9f6,com.aliyun.tair.tests.tairdoc.TairDocTest
fastjson,5c6d6fd471ea1fab59f0df2dd31e0b936806780d,com.alibaba.json.bvt.asm.SortFieldTest.test_1
adyen-java-api-library,6fb5cd049b57a22d2ec4465d204c15f1c90dd325,com.adyen.CheckoutTest.TestWeChatPayDetailsSerialization
fastjson,e05e9c5e4be580691cc55a59f3256595393203a1,com.alibaba.json.bvt.issue_1400.Issue1480.test_for_issue
fastjson,e05e9c5e4be580691cc55a59f3256595393203a1,com.alibaba.json.bvt.joda.JodaTest_3_LocalTimeTest.test_for_long
alibabacloud-tairjedis-sdk,f6215930b9e21a5252c95296d9924b3c4524d9f6,com.aliyun.tair.tests.tairgis.TairGisClusterTest
alibabacloud-tairjedis-sdk,f6215930b9e21a5252c95296d9924b3c4524d9f6,com.aliyun.tair.tests.tairzset.LeaderBoardMultiScoreTest.remove_members_in_score_range_test
fastjson,a7f1f5c4ac52503cc95bf1d27498098b3093a0df,com.alibaba.json.bvt.issue_1500.Issue1584.test_for_issue
fastjson,e05e9c5e4be580691cc55a59f3256595393203a1,com.alibaba.json.bvt.issue_1900.Issue1972.test_for_issue
fastjson,5c6d6fd471ea1fab59f0df2dd31e0b936806780d,com.alibaba.json.bvt.issue_1400.Issue1480.test_for_issue
fastjson,5c6d6fd471ea1fab59f0df2dd31e0b936806780d,com.alibaba.json.bvt.issue_2400.Issue2428.test_for_issue
fastjson,5c6d6fd471ea1fab59f0df2dd31e0b936806780d,com.alibaba.json.bvt.support.spring.mock.testcase.FastJsonpHttpMessageConverter4Case3Test.test2_2
fastjson,5c6d6fd471ea1fab59f0df2dd31e0b936806780d,com.alibaba.json.bvt.issue_2100.Issue2182.test_for_issue
fastjson,5c6d6fd471ea1fab59f0df2dd31e0b936806780d,com.alibaba.json.bvt.issue_1900.Issue1972.test_for_issue
fastjson,5c6d6fd471ea1fab59f0df2dd31e0b936806780d,com.alibaba.json.bvt.issue_2400.Issue2447.test_for_issue
Mapper,1764748eedb2f320a0d1c43cb4f928c4ccb1f2f5,tk.mybatis.mapper.annotation.IdTest.testCompositeKeys
alibabacloud-tairjedis-sdk,f6215930b9e21a5252c95296d9924b3c4524d9f6,com.aliyun.tair.tests.tairzset.TairZsetPipelineTest
adyen-java-api-library,6fb5cd049b57a22d2ec4465d204c15f1c90dd325,com.adyen.NotificationTest.testGsonAndJacksonSerializeNotificationRequest
alibabacloud-tairjedis-sdk,f6215930b9e21a5252c95296d9924b3c4524d9f6,com.aliyun.tair.tests.tairbloom.TairBloomTest
alibabacloud-tairjedis-sdk,f6215930b9e21a5252c95296d9924b3c4524d9f6,com.aliyun.tair.tests.tairzset.LeaderBoardTest.expire_leaderboard_test
fastjson,e05e9c5e4be580691cc55a59f3256595393203a1,com.alibaba.json.bvt.guava.HashMultimapTest.test_for_multimap
alibabacloud-tairjedis-sdk,f6215930b9e21a5252c95296d9924b3c4524d9f6,com.aliyun.tair.tests.tairbloom.TairBloomPipelineTest
adyen-java-api-library,6fb5cd049b57a22d2ec4465d204c15f1c90dd325,com.adyen.CheckoutTest.TestGooglePayDetailsSerialization
fastjson,3ea25de368b185e3c9f3d56e46a4cfcdb9265318,com.alibaba.json.bvt.asm.SortFieldTest.test_1
fastjson,3ea25de368b185e3c9f3d56e46a4cfcdb9265318,com.alibaba.json.bvt.issue_3000.Issue3082.test_for_issue
fastjson,5c6d6fd471ea1fab59f0df2dd31e0b936806780d,com.alibaba.json.bvt.guava.HashMultimapTest.test_for_multimap
mercury,8586dc79f8bf75a929896f0aac03fe95824d9578,org.platformlambda.core.PostOfficeTest.journalYamlTest
fastjson,3ea25de368b185e3c9f3d56e46a4cfcdb9265318,com.alibaba.json.bvt.issue_2400.Issue2428.test_for_issue
fastjson,3ea25de368b185e3c9f3d56e46a4cfcdb9265318,com.alibaba.json.bvt.issue_2100.Issue2182.test_for_issue
fastjson,a7f1f5c4ac52503cc95bf1d27498098b3093a0df,com.alibaba.json.bvt.asm.SortFieldTest.test_1
fastjson,a7f1f5c4ac52503cc95bf1d27498098b3093a0df,com.alibaba.json.bvt.issue_1300.Issue1363.test_for_issue
easyexcel,756f16e42fbd7bc5c7fa18426cbc02fc81a42057,com.alibaba.easyexcel.test.core.excludeorinclude.ExcludeOrIncludeDataTest.t05IncludeIndex07
fastjson,e05e9c5e4be580691cc55a59f3256595393203a1,com.alibaba.json.bvt.guava.MultiMapTes.test_multimap
fastjson,a7f1f5c4ac52503cc95bf1d27498098b3093a0df,com.alibaba.json.bvt.serializer.ConcurrentHashMapTest5.test_concurrentHashmap
alibabacloud-tairjedis-sdk,f6215930b9e21a5252c95296d9924b3c4524d9f6,com.aliyun.tair.tests.tairzset.DistributedLeaderBoardTest.top_i_test
fastjson,a7f1f5c4ac52503cc95bf1d27498098b3093a0df,com.alibaba.json.bvt.issue_1400.Issue1492.test_for_issue
fastjson,5c6d6fd471ea1fab59f0df2dd31e0b936806780d,com.alibaba.json.bvt.guava.MultiMapTes.test_multimap
adyen-java-api-library,6fb5cd049b57a22d2ec4465d204c15f1c90dd325,com.adyen.CheckoutTest.TestAchDetailsSerialization
alibabacloud-tairjedis-sdk,f6215930b9e21a5252c95296d9924b3c4524d9f6,com.aliyun.tair.tests.tairroaring.TairRoaringPipelineTest
alibabacloud-tairjedis-sdk,f6215930b9e21a5252c95296d9924b3c4524d9f6,com.aliyun.tair.tests.tairzset.LeaderBoardTest.add_multi_member_test
alibabacloud-tairjedis-sdk,f6215930b9e21a5252c95296d9924b3c4524d9f6,com.aliyun.tair.tests.tairgis.TairGisPipelineTest
mercury,8586dc79f8bf75a929896f0aac03fe95824d9578,org.platformlambda.core.PostOfficeTest.traceHeaderTest
adyen-java-api-library,6fb5cd049b57a22d2ec4465d204c15f1c90dd325,com.adyen.CheckoutTest.TestQiwiWalletDetailsSerialization
fastjson,e05e9c5e4be580691cc55a59f3256595393203a1,com.alibaba.json.bvt.writeClassName.WriteClassNameTest_Map.test_list
alibabacloud-tairjedis-sdk,f6215930b9e21a5252c95296d9924b3c4524d9f6,com.aliyun.tair.tests.tairts.TairTsClusterTest
fastjson,e05e9c5e4be580691cc55a59f3256595393203a1,com.alibaba.json.bvt.issue_1300.Issue1363.test_for_issue_1
easyexcel,756f16e42fbd7bc5c7fa18426cbc02fc81a42057,com.alibaba.easyexcel.test.core.sort.SortDataTest.t02ReadAndWrite03
alibabacloud-tairjedis-sdk,f6215930b9e21a5252c95296d9924b3c4524d9f6,com.aliyun.tair.tests.tairhash.TairHashTest
fastjson,5c6d6fd471ea1fab59f0df2dd31e0b936806780d,com.alibaba.json.bvt.writeClassName.WriteClassNameTest_Map.test_list
adyen-java-api-library,6fb5cd049b57a22d2ec4465d204c15f1c90dd325,com.adyen.CheckoutTest.TestMolPayDetailsSerialization
fastjson,5c6d6fd471ea1fab59f0df2dd31e0b936806780d,com.alibaba.json.bvt.issue_1300.Issue1363.test_for_issue_1
fastjson,3ea25de368b185e3c9f3d56e46a4cfcdb9265318,com.alibaba.json.bvt.bug.Bug_for_xiayucai2012.test_for_xiayucai2012
fastjson,93d8c01e907fe35a8ff0eb5fe1c3b279d2f30282,com.alibaba.json.bvt.issue_1900.Issue1972.test_for_issue
fastjson,e05e9c5e4be580691cc55a59f3256595393203a1,com.alibaba.json.bvt.guava.ArrayListMultimapTest.test_for_multimap
fastjson,3ea25de368b185e3c9f3d56e46a4cfcdb9265318,com.alibaba.json.bvt.guava.MultiMapTes.test_multimap
easyexcel,756f16e42fbd7bc5c7fa18426cbc02fc81a42057,com.alibaba.easyexcel.test.core.excludeorinclude.ExcludeOrIncludeDataTest.t06IncludeIndex07
fastjson,e05e9c5e4be580691cc55a59f3256595393203a1,com.alibaba.json.bvt.support.spring.mock.testcase.FastJsonpHttpMessageConverter4Case3Test.test1_2
fastjson,5c6d6fd471ea1fab59f0df2dd31e0b936806780d,com.alibaba.json.bvt.guava.ArrayListMultimapTest.test_for_multimap
fastjson,3ea25de368b185e3c9f3d56e46a4cfcdb9265318,com.alibaba.json.bvt.date.DateTest.test_date
adyen-java-api-library,6fb5cd049b57a22d2ec4465d204c15f1c90dd325,com.adyen.CheckoutTest.TestLianLianPayDetailsSerialization
fastjson,5c6d6fd471ea1fab59f0df2dd31e0b936806780d,com.alibaba.json.bvt.support.spring.mock.testcase.FastJsonpHttpMessageConverter4Case3Test.test1_2
alibabacloud-tairjedis-sdk,f6215930b9e21a5252c95296d9924b3c4524d9f6,com.aliyun.tair.tests.tairzset.DistributedLeaderBoardTest.add_multi_member_test
adyen-java-api-library,6fb5cd049b57a22d2ec4465d204c15f1c90dd325,com.adyen.CheckoutTest.TestDotpayDetailsSerialization
alibabacloud-tairjedis-sdk,f6215930b9e21a5252c95296d9924b3c4524d9f6,com.aliyun.tair.tests.tairhash.TairHashPipelineTest
adyen-java-api-library,6fb5cd049b57a22d2ec4465d204c15f1c90dd325,com.adyen.CheckoutTest.TestDokuDetailsSerialization
fastjson,a7f1f5c4ac52503cc95bf1d27498098b3093a0df,com.alibaba.json.bvt.bug.Bug_for_yangzhou.test_for_issue
fastjson,3ea25de368b185e3c9f3d56e46a4cfcdb9265318,com.alibaba.json.bvt.issue_1300.Issue1363.test_for_issue_1
fastjson,3ea25de368b185e3c9f3d56e46a4cfcdb9265318,com.alibaba.json.bvt.writeClassName.WriteClassNameTest_Map.test_list
fastjson,a7f1f5c4ac52503cc95bf1d27498098b3093a0df,com.alibaba.json.bvt.issue_1100.Issue1177_1.test_for_issue
alibabacloud-tairjedis-sdk,f6215930b9e21a5252c95296d9924b3c4524d9f6,com.aliyun.tair.tests.tairzset.LeaderBoardTest.rank_for_test
alibabacloud-tairjedis-sdk,f6215930b9e21a5252c95296d9924b3c4524d9f6,com.aliyun.tair.tests.tairzset.LeaderBoardMultiScoreTest.multi_score_add_test
druid,4ccecebe8da73df3ae22124fc5add3015fd1a8f1,com.alibaba.druid.bvt.pool.exception.OracleExceptionSorterTest_setSavepoint.test_connect
fastjson,3ea25de368b185e3c9f3d56e46a4cfcdb9265318,com.alibaba.json.bvt.guava.ArrayListMultimapTest.test_for_multimap
fastjson,93d8c01e907fe35a8ff0eb5fe1c3b279d2f30282,com.alibaba.json.bvt.issue_2400.Issue2447.test_for_issue2
fastjson,3ea25de368b185e3c9f3d56e46a4cfcdb9265318,com.alibaba.json.bvt.support.spring.mock.testcase.FastJsonpHttpMessageConverter4Case3Test.test1_2
fastjson,e05e9c5e4be580691cc55a59f3256595393203a1,com.alibaba.json.bvt.jsonp.JSONPParseTest2.test_f
fastjson,93d8c01e907fe35a8ff0eb5fe1c3b279d2f30282,com.alibaba.json.bvt.writeClassName.WriteClassNameTest_Map.test_list
easyexcel,756f16e42fbd7bc5c7fa18426cbc02fc81a42057,com.alibaba.easyexcel.test.core.sort.SortDataTest.t03ReadAndWriteNoHead07
fastjson,e05e9c5e4be580691cc55a59f3256595393203a1,com.alibaba.json.bvt.jsonp.JSONPParseTest3.test_f
fastjson,5c6d6fd471ea1fab59f0df2dd31e0b936806780d,com.alibaba.json.bvt.path.JSONPath_reverse_test.test_reserve3
fastjson,5c6d6fd471ea1fab59f0df2dd31e0b936806780d,com.alibaba.json.bvt.jsonp.JSONPParseTest2.test_f
fastjson,e05e9c5e4be580691cc55a59f3256595393203a1,com.alibaba.json.bvt.support.spring.mock.testcase.FastJsonpHttpMessageConverter4Case1Test.test2_2
fastjson,5c6d6fd471ea1fab59f0df2dd31e0b936806780d,com.alibaba.json.bvt.issue_1700.Issue1780_Module.test_for_issue
fastjson,5c6d6fd471ea1fab59f0df2dd31e0b936806780d,com.alibaba.json.bvt.jsonp.JSONPParseTest3.test_f
alibabacloud-tairjedis-sdk,f6215930b9e21a5252c95296d9924b3c4524d9f6,com.aliyun.tair.tests.tairzset.LeaderBoardMultiScoreTest.change_score_for_test
fastjson,5c6d6fd471ea1fab59f0df2dd31e0b936806780d,com.alibaba.json.bvt.support.spring.mock.testcase.FastJsonpHttpMessageConverter4Case1Test.test2_2
adyen-java-api-library,6fb5cd049b57a22d2ec4465d204c15f1c90dd325,com.adyen.PaymentRequestBuilderTest.TestCCPaymentRequest
Mapper,1764748eedb2f320a0d1c43cb4f928c4ccb1f2f5,tk.mybatis.mapper.mapperhelper.SqlHelperTest.testLogicDeleteSql
adyen-java-api-library,6fb5cd049b57a22d2ec4465d204c15f1c90dd325,com.adyen.CheckoutTest.TestApplePayDetailsSerialization
alibabacloud-tairjedis-sdk,f6215930b9e21a5252c95296d9924b3c4524d9f6,com.aliyun.tair.tests.tairgis.TairGisTest
alibabacloud-tairjedis-sdk,f6215930b9e21a5252c95296d9924b3c4524d9f6,com.aliyun.tair.tests.tairzset.LeaderBoardTest.change_score_for_test
alibabacloud-tairjedis-sdk,f6215930b9e21a5252c95296d9924b3c4524d9f6,com.aliyun.tair.tests.tairzset.DistributedLeaderBoardTest.score_and_rank_for_test
fastjson,3ea25de368b185e3c9f3d56e46a4cfcdb9265318,com.alibaba.json.bvt.path.JSONPath_reverse_test.test_reserve3
fastjson,3ea25de368b185e3c9f3d56e46a4cfcdb9265318,com.alibaba.json.bvt.support.spring.mock.testcase.FastJsonpHttpMessageConverter4Case1Test.test2_2
adyen-java-api-library,6fb5cd049b57a22d2ec4465d204c15f1c90dd325,com.adyen.CheckoutTest.TestRecurringPaymentMethodDetails
adyen-java-api-library,6fb5cd049b57a22d2ec4465d204c15f1c90dd325,com.adyen.CheckoutTest.TestMobilePayDetailsSerialization
fastjson,3ea25de368b185e3c9f3d56e46a4cfcdb9265318,com.alibaba.json.bvt.support.spring.mock.testcase.FastJsonpHttpMessageConverter4Case3Test.test2_2
alibabacloud-tairjedis-sdk,f6215930b9e21a5252c95296d9924b3c4524d9f6,com.aliyun.tair.tests.tairzset.LeaderBoardMultiScoreTest.rank_for_test
adyen-java-api-library,6fb5cd049b57a22d2ec4465d204c15f1c90dd325,java.lang.AssertionError
adyen-java-api-library,6fb5cd049b57a22d2ec4465d204c15f1c90dd325,com.adyen.CheckoutTest.TestAndroidPayDetails
alibabacloud-tairjedis-sdk,f6215930b9e21a5252c95296d9924b3c4524d9f6,com.aliyun.tair.tests.tairstring.TairStringTest
fastjson,a7f1f5c4ac52503cc95bf1d27498098b3093a0df,com.alibaba.json.bvt.issue_2400.Issue2428.test_for_issue
fastjson,a7f1f5c4ac52503cc95bf1d27498098b3093a0df,com.alibaba.json.bvt.issue_2100.Issue2182.test_for_issue
alibabacloud-tairjedis-sdk,f6215930b9e21a5252c95296d9924b3c4524d9f6,java.lang.AssertionError
fastjson,3ea25de368b185e3c9f3d56e46a4cfcdb9265318,com.alibaba.json.bvt.issue_2400.Issue2447.test_for_issue
fastjson,e05e9c5e4be580691cc55a59f3256595393203a1,com.alibaba.json.bvt.bug.Bug_for_smoothrat6.test_set
fastjson,3ea25de368b185e3c9f3d56e46a4cfcdb9265318,com.alibaba.json.bvt.issue_1900.Issue1972.test_for_issue
fastjson,5c6d6fd471ea1fab59f0df2dd31e0b936806780d,com.alibaba.json.bvt.bug.Bug_for_smoothrat6.test_set
fastjson,a7f1f5c4ac52503cc95bf1d27498098b3093a0df,com.alibaba.json.bvt.issue_1900.Issue1972.test_for_issue
fastjson,a7f1f5c4ac52503cc95bf1d27498098b3093a0df,com.alibaba.json.bvt.issue_2400.Issue2447.test_for_issue
easyexcel,756f16e42fbd7bc5c7fa18426cbc02fc81a42057,com.alibaba.easyexcel.test.core.converter.ConverterDataTest.t03ReadAllConverter07
fastjson,5c6d6fd471ea1fab59f0df2dd31e0b936806780d,com.alibaba.json.bvt.issue_2400.Issue2447.test_for_issue2
alibabacloud-tairjedis-sdk,f6215930b9e21a5252c95296d9924b3c4524d9f6,com.aliyun.tair.tests.mcommand.AliyunRedisCommandTest.imonitorTest
fastjson,3ea25de368b185e3c9f3d56e46a4cfcdb9265318,com.alibaba.json.bvt.guava.HashMultimapTest.test_for_multimap
fastjson,a7f1f5c4ac52503cc95bf1d27498098b3093a0df,com.alibaba.json.bvt.bug.Bug_for_xiayucai2012.test_for_xiayucai2012
alibabacloud-tairjedis-sdk,f6215930b9e21a5252c95296d9924b3c4524d9f6,com.aliyun.tair.tests.mcommand.AliyunRedisCommandTest.iscanTest
alibabacloud-tairjedis-sdk,f6215930b9e21a5252c95296d9924b3c4524d9f6,com.aliyun.tair.tests.tairzset.LeaderBoardTest.leaders_i_test
alibabacloud-tairjedis-sdk,f6215930b9e21a5252c95296d9924b3c4524d9f6,com.aliyun.tair.tests.tairts.TairTsPipelineTest
fastjson,a7f1f5c4ac52503cc95bf1d27498098b3093a0df,com.alibaba.json.bvt.guava.MultiMapTes.test_multimap
alibabacloud-tairjedis-sdk,f6215930b9e21a5252c95296d9924b3c4524d9f6,com.aliyun.tair.tests.tairts.TairTsTest
alibabacloud-tairjedis-sdk,f6215930b9e21a5252c95296d9924b3c4524d9f6,com.aliyun.tair.tests.tairzset.LeaderBoardTest.total_pages
fastjson,a7f1f5c4ac52503cc95bf1d27498098b3093a0df,com.alibaba.json.bvt.date.DateTest.test_date
fastjson,3ea25de368b185e3c9f3d56e46a4cfcdb9265318,com.alibaba.json.bvt.issue_2400.Issue2447.test_for_issue2
alibabacloud-tairjedis-sdk,f6215930b9e21a5252c95296d9924b3c4524d9f6,com.aliyun.tair.tests.tairzset.DistributedLeaderBoardTest.remove_members_in_score_range_test
adyen-java-api-library,6fb5cd049b57a22d2ec4465d204c15f1c90dd325,com.adyen.CheckoutTest.TestEcontextVoucherDetailsSerialization
fastjson,a7f1f5c4ac52503cc95bf1d27498098b3093a0df,com.alibaba.json.bvt.issue_2400.Issue2447.test_for_issue2
fastjson,a7f1f5c4ac52503cc95bf1d27498098b3093a0df,com.alibaba.json.bvt.issue_1300.Issue1363.test_for_issue_1
easyexcel,756f16e42fbd7bc5c7fa18426cbc02fc81a42057,com.alibaba.easyexcel.test.core.dataformat.DateFormatTest.t02Read03
alibabacloud-tairjedis-sdk,f6215930b9e21a5252c95296d9924b3c4524d9f6,com.aliyun.tair.tests.tairstring.TairStringPipelineTest
alibabacloud-tairjedis-sdk,f6215930b9e21a5252c95296d9924b3c4524d9f6,com.aliyun.tair.tests.tairzset.DistributedLeaderBoardTest.total_pages
fastjson,e05e9c5e4be580691cc55a59f3256595393203a1,com.alibaba.json.bvt.issue_1100.Issue1177_2.test_for_issue
alibabacloud-tairjedis-sdk,f6215930b9e21a5252c95296d9924b3c4524d9f6,com.aliyun.tair.tests.tairzset.DistributedLeaderBoardTest.total_members
alibabacloud-tairjedis-sdk,f6215930b9e21a5252c95296d9924b3c4524d9f6,com.aliyun.tair.tests.tairvector.TairVectorTest
fastjson,93d8c01e907fe35a8ff0eb5fe1c3b279d2f30282,com.alibaba.json.bvt.JSONObjectTest_readObject.test_6
alibabacloud-tairjedis-sdk,f6215930b9e21a5252c95296d9924b3c4524d9f6,com.aliyun.tair.tests.tairsearch.TairSearchPipelineTest
fastjson,a7f1f5c4ac52503cc95bf1d27498098b3093a0df,com.alibaba.json.bvt.support.spring.mock.testcase.FastJsonpHttpMessageConverter4Case3Test.test1_2
fastjson,5c6d6fd471ea1fab59f0df2dd31e0b936806780d,com.alibaba.json.bvt.issue_1100.Issue1177_2.test_for_issue
fastjson,3ea25de368b185e3c9f3d56e46a4cfcdb9265318,com.alibaba.json.bvt.bug.Bug_for_issue_447.test_for_issue
alibabacloud-tairjedis-sdk,f6215930b9e21a5252c95296d9924b3c4524d9f6,com.aliyun.tair.tests.tairzset.LeaderBoardMultiScoreTest.score_for_test
alibabacloud-tairjedis-sdk,f6215930b9e21a5252c95296d9924b3c4524d9f6,com.aliyun.tair.tests.tairzset.LeaderBoardMultiScoreTest.remove_member_test
alibabacloud-tairjedis-sdk,f6215930b9e21a5252c95296d9924b3c4524d9f6,com.aliyun.tair.tests.tairhash.TairHashClusterTest
alibabacloud-tairjedis-sdk,f6215930b9e21a5252c95296d9924b3c4524d9f6,com.aliyun.tair.tests.tairzset.DistributedLeaderBoardTest.change_score_for_test
alibabacloud-tairjedis-sdk,f6215930b9e21a5252c95296d9924b3c4524d9f6,com.aliyun.tair.tests.retry.JedisRetryCommandTest.retryFail
fastjson,3ea25de368b185e3c9f3d56e46a4cfcdb9265318,com.alibaba.json.bvt.issue_1700.Issue1780_Module.test_for_issue
alibabacloud-tairjedis-sdk,f6215930b9e21a5252c95296d9924b3c4524d9f6,com.aliyun.tair.tests.tairdoc.TairDocClusterTest
alibabacloud-tairjedis-sdk,f6215930b9e21a5252c95296d9924b3c4524d9f6,com.aliyun.tair.tests.tairzset.DistributedLeaderBoardTest.total_members_in_score_range_test
adyen-java-api-library,6fb5cd049b57a22d2ec4465d204c15f1c90dd325,com.adyen.CheckoutTest.TestMasterPassDetailsSerialization
alibabacloud-tairjedis-sdk,f6215930b9e21a5252c95296d9924b3c4524d9f6,java.lang.NullPointerException
alibabacloud-tairjedis-sdk,f6215930b9e21a5252c95296d9924b3c4524d9f6,com.aliyun.tair.tests.tairzset.TairZsetTest
alibabacloud-tairjedis-sdk,f6215930b9e21a5252c95296d9924b3c4524d9f6,com.aliyun.tair.tests.tairzset.DistributedLeaderBoardTest.remove_member_test
fastjson,a7f1f5c4ac52503cc95bf1d27498098b3093a0df,com.alibaba.json.bvt.path.JSONPath_reverse_test.test_reserve3
alibabacloud-tairjedis-sdk,f6215930b9e21a5252c95296d9924b3c4524d9f6,com.aliyun.tair.tests.tairts.TairTsStringTest
fastjson,5c6d6fd471ea1fab59f0df2dd31e0b936806780d,com.alibaba.json.bvt.path.JSONPath_reverse_test.test_reserve
alibabacloud-tairjedis-sdk,f6215930b9e21a5252c95296d9924b3c4524d9f6,com.aliyun.tair.tests.tairzset.LeaderBoardTest.top_i_test
adyen-java-api-library,6fb5cd049b57a22d2ec4465d204c15f1c90dd325,com.adyen.CheckoutTest.TestGenericIssuerPaymentMethodDetails
adyen-java-api-library,6fb5cd049b57a22d2ec4465d204c15f1c90dd325,com.adyen.PaymentRequestBuilderTest.Test3DSecureRequest
fastjson,a7f1f5c4ac52503cc95bf1d27498098b3093a0df,com.alibaba.json.bvt.support.spring.mock.testcase.FastJsonpHttpMessageConverter4Case1Test.test2_2
alibabacloud-tairjedis-sdk,f6215930b9e21a5252c95296d9924b3c4524d9f6,com.aliyun.tair.tests.retry.JedisRetryCommandTest.retrySuccessInMiddle
alibabacloud-tairjedis-sdk,f6215930b9e21a5252c95296d9924b3c4524d9f6,com.aliyun.tair.tests.tairroaring.TairRoaringTest
alibabacloud-tairjedis-sdk,f6215930b9e21a5252c95296d9924b3c4524d9f6,com.aliyun.tair.tests.tairzset.LeaderBoardTest.score_and_rank_for_test
alibabacloud-tairjedis-sdk,f6215930b9e21a5252c95296d9924b3c4524d9f6,com.aliyun.tair.tests.tairzset.LeaderBoardMultiScoreTest.total_members_in_score_range_test
alibabacloud-tairjedis-sdk,f6215930b9e21a5252c95296d9924b3c4524d9f6,com.aliyun.tair.tests.tairroaring.TairRoaringClusterTest
fastjson,93d8c01e907fe35a8ff0eb5fe1c3b279d2f30282,com.alibaba.json.bvt.issue_3600.Issue3655.test_inherit_from_abstract_class_2
fastjson,e05e9c5e4be580691cc55a59f3256595393203a1,com.alibaba.json.bvt.support.spring.mock.testcase.FastJsonpHttpMessageConverter4Case2Test.test1_2
adyen-java-api-library,6fb5cd049b57a22d2ec4465d204c15f1c90dd325,com.adyen.CheckoutTest.TestDateSerializers
alibabacloud-tairjedis-sdk,f6215930b9e21a5252c95296d9924b3c4524d9f6,com.aliyun.tair.tests.tairvector.TairVectorPipelineTest
fastjson,e05e9c5e4be580691cc55a59f3256595393203a1,com.alibaba.json.bvt.support.spring.mock.testcase.FastJsonpHttpMessageConverter4Case1Test.test1_2
fastjson,3ea25de368b185e3c9f3d56e46a4cfcdb9265318,com.alibaba.json.bvt.path.JSONPath_reverse_test.test_reserve
fastjson,5c6d6fd471ea1fab59f0df2dd31e0b936806780d,com.alibaba.json.bvt.support.spring.mock.testcase.FastJsonpHttpMessageConverter4Case1Test.test1_2
alibabacloud-tairjedis-sdk,f6215930b9e21a5252c95296d9924b3c4524d9f6,com.aliyun.tair.tests.mcommand.AliyunRedisCommandTest.infoKeyTest
fastjson,93d8c01e907fe35a8ff0eb5fe1c3b279d2f30282,com.alibaba.json.bvt.writeClassName.WriteDuplicateType.test_dupType
fastjson,a7f1f5c4ac52503cc95bf1d27498098b3093a0df,com.alibaba.json.bvt.path.JSONPath_reverse_test.test_reserve
alibabacloud-tairjedis-sdk,f6215930b9e21a5252c95296d9924b3c4524d9f6,com.aliyun.tair.tests.tairzset.LeaderBoardTest.remove_member_test
alibabacloud-tairjedis-sdk,f6215930b9e21a5252c95296d9924b3c4524d9f6,com.aliyun.tair.tests.tairzset.DistributedLeaderBoardTest.score_for_test
fastjson,5c6d6fd471ea1fab59f0df2dd31e0b936806780d,com.alibaba.json.bvt.JSONObjectTest_readObject.test_6
adyen-java-api-library,6fb5cd049b57a22d2ec4465d204c15f1c90dd325,com.adyen.CheckoutTest.TestSepaPaymentMethodDetails
alibabacloud-tairjedis-sdk,f6215930b9e21a5252c95296d9924b3c4524d9f6,com.aliyun.tair.tests.retry.JedisRetryCommandTest.retrySuccess
adyen-java-api-library,6fb5cd049b57a22d2ec4465d204c15f1c90dd325,com.adyen.CheckoutTest.TestRecurringProcessingModels
fastjson,3ea25de368b185e3c9f3d56e46a4cfcdb9265318,com.alibaba.json.bvt.support.spring.mock.testcase.FastJsonpHttpMessageConverter4Case2Test.test1_2
fastjson,3ea25de368b185e3c9f3d56e46a4cfcdb9265318,com.alibaba.json.bvt.geo.FeatureCollectionTest.test_geo
alibabacloud-tairjedis-sdk,f6215930b9e21a5252c95296d9924b3c4524d9f6,com.aliyun.tair.tests.tairbloom.TairBloomClusterTest
fastjson,e05e9c5e4be580691cc55a59f3256595393203a1,com.alibaba.json.bvt.issue_1500.Issue1584.test_for_issue
alibabacloud-tairjedis-sdk,f6215930b9e21a5252c95296d9924b3c4524d9f6,com.aliyun.tair.tests.tairzset.DistributedLeaderBoardTest.expire_leaderboard_test
fastjson,93d8c01e907fe35a8ff0eb5fe1c3b279d2f30282,com.alibaba.json.bvt.bug.Bug_for_yangzhou.test_for_issue
fastjson,3ea25de368b185e3c9f3d56e46a4cfcdb9265318,com.alibaba.json.bvt.support.spring.mock.testcase.FastJsonpHttpMessageConverter4Case1Test.test1_2
alibabacloud-tairjedis-sdk,f6215930b9e21a5252c95296d9924b3c4524d9f6,com.aliyun.tair.tests.tairzset.DistributedLeaderBoardTest.retrieve_member_test
adyen-java-api-library,6fb5cd049b57a22d2ec4465d204c15f1c90dd325,com.adyen.CheckoutTest.TestBillDeskOnlineDetailsSerialization
alibabacloud-tairjedis-sdk,f6215930b9e21a5252c95296d9924b3c4524d9f6,com.aliyun.tair.tests.tairvector.TairVectorClusterTest
alibabacloud-tairjedis-sdk,f6215930b9e21a5252c95296d9924b3c4524d9f6,com.aliyun.tair.tests.taircpc.TairCpcPipelineTest
Mapper,1764748eedb2f320a0d1c43cb4f928c4ccb1f2f5,tk.mybatis.mapper.mapperhelper.FieldHelperTest.testUser
Mapper,1764748eedb2f320a0d1c43cb4f928c4ccb1f2f5,tk.mybatis.mapper.mapperhelper.ComplexEntityTest.test
adyen-java-api-library,6fb5cd049b57a22d2ec4465d204c15f1c90dd325,com.adyen.CheckoutTest.TestSepaDirectDebitDetailsSerialization
fastjson,3ea25de368b185e3c9f3d56e46a4cfcdb9265318,com.alibaba.json.bvt.JSONObjectTest_readObject.test_6
easyexcel,756f16e42fbd7bc5c7fa18426cbc02fc81a42057,com.alibaba.easyexcel.test.core.sort.SortDataTest.t01ReadAndWrite07
alibabacloud-tairjedis-sdk,f6215930b9e21a5252c95296d9924b3c4524d9f6,com.aliyun.tair.tests.mcommand.AliyunRedisCommandTest.iinfoTest
fastjson,93d8c01e907fe35a8ff0eb5fe1c3b279d2f30282,com.alibaba.json.bvt.geo.FeatureCollectionTest.test_geo
adyen-java-api-library,6fb5cd049b57a22d2ec4465d204c15f1c90dd325,com.adyen.CheckoutTest.TestIdealDetailsSerialization
adyen-java-api-library,6fb5cd049b57a22d2ec4465d204c15f1c90dd325,com.adyen.CheckoutTest.TestPayUUpiDetailsSerialization
fastjson,e05e9c5e4be580691cc55a59f3256595393203a1,com.alibaba.json.bvt.issue_1300.Issue1363.test_for_issue
adyen-java-api-library,6fb5cd049b57a22d2ec4465d204c15f1c90dd325,com.adyen.CheckoutTest.TestAmazonPayDetailsSerialization
fastjson,e05e9c5e4be580691cc55a59f3256595393203a1,com.alibaba.json.bvt.issue_1400.Issue1492.test_for_issue
fastjson,5c6d6fd471ea1fab59f0df2dd31e0b936806780d,com.alibaba.json.bvt.issue_1300.Issue1363.test_for_issue
adyen-java-api-library,6fb5cd049b57a22d2ec4465d204c15f1c90dd325,com.adyen.CheckoutTest.TestVippsDetailsSerialization
fastjson,93d8c01e907fe35a8ff0eb5fe1c3b279d2f30282,com.alibaba.json.bvt.issue_3600.Issue3655.test_inherit_from_abstract_class_1
fastjson,5c6d6fd471ea1fab59f0df2dd31e0b936806780d,com.alibaba.json.bvt.issue_1400.Issue1492.test_for_issue
adyen-java-api-library,6fb5cd049b57a22d2ec4465d204c15f1c90dd325,com.adyen.CheckoutTest.TestKlarnaDetailsSerialization
adyen-java-api-library,6fb5cd049b57a22d2ec4465d204c15f1c90dd325,com.adyen.CheckoutTest.TestSamsungPayDetailsSerialization
Mapper,3c0b3307011fad53f811e08d05147d94fc6c0d67,tk.mybatis.mapper.test.able.TestBasicAble.testInsert
alibabacloud-tairjedis-sdk,f6215930b9e21a5252c95296d9924b3c4524d9f6,com.aliyun.tair.tests.tairzset.LeaderBoardTest.total_members_in_score_range_test
adyen-java-api-library,6fb5cd049b57a22d2ec4465d204c15f1c90dd325,com.adyen.PaymentRequestBuilderTest.TestCSEPaymentRequest
fastjson,e05e9c5e4be580691cc55a59f3256595393203a1,com.alibaba.json.bvt.writeClassName.WriteDuplicateType.test_dupType
fastjson,a7f1f5c4ac52503cc95bf1d27498098b3093a0df,com.alibaba.json.bvt.bug.Bug_for_issue_447.test_for_issue
fastjson,3ea25de368b185e3c9f3d56e46a4cfcdb9265318,com.alibaba.json.bvt.issue_1300.Issue1363.test_for_issue
fastjson,5c6d6fd471ea1fab59f0df2dd31e0b936806780d,com.alibaba.json.bvt.writeClassName.WriteDuplicateType.test_dupType
adyen-java-api-library,6fb5cd049b57a22d2ec4465d204c15f1c90dd325,com.adyen.CheckoutTest.TestWeChatPayMiniProgramDetailsSerialization
adyen-java-api-library,6fb5cd049b57a22d2ec4465d204c15f1c90dd325,com.adyen.CheckoutTest.TestEntercashDetailsSerialization
fastjson,3ea25de368b185e3c9f3d56e46a4cfcdb9265318,com.alibaba.json.bvt.issue_1400.Issue1492.test_for_issue
adyen-java-api-library,6fb5cd049b57a22d2ec4465d204c15f1c90dd325,com.adyen.CheckoutTest.TestShopperNotificationReferencePaymentMethodDetails
alibabacloud-tairjedis-sdk,f6215930b9e21a5252c95296d9924b3c4524d9f6,com.aliyun.tair.tests.tairzset.LeaderBoardTest.retrieve_member_test
alibabacloud-tairjedis-sdk,f6215930b9e21a5252c95296d9924b3c4524d9f6,com.aliyun.tair.tests.tairzset.LeaderBoardTest.score_for_test
easyexcel,756f16e42fbd7bc5c7fa18426cbc02fc81a42057,com.alibaba.easyexcel.test.core.sort.SortDataTest.t04ReadAndWriteNoHead03
asyncload,9891e7086bff81ebdd4991435d21b549e48e874d,junit.framework.AssertionFailedError
Mapper,1764748eedb2f320a0d1c43cb4f928c4ccb1f2f5,tk.mybatis.mapper.mapperhelper.FieldHelperTest.testComplex
alibabacloud-tairjedis-sdk,f6215930b9e21a5252c95296d9924b3c4524d9f6,com.aliyun.tair.tests.tairzset.LeaderBoardTest.total_members
alibabacloud-tairjedis-sdk,f6215930b9e21a5252c95296d9924b3c4524d9f6,com.aliyun.tair.tests.tairsearch.TairSearchTest
druid,4ccecebe8da73df3ae22124fc5add3015fd1a8f1,com.alibaba.druid.bvt.pool.exception.OracleExceptionSorterTest_closeConn.test_connect
adyen-java-api-library,6fb5cd049b57a22d2ec4465d204c15f1c90dd325,com.adyen.CheckoutTest.TestBilldeskWalletDetailsSerialization
fastjson,93d8c01e907fe35a8ff0eb5fe1c3b279d2f30282,com.alibaba.json.bvt.issue_1300.Issue1363.test_for_issue
fastjson,93d8c01e907fe35a8ff0eb5fe1c3b279d2f30282,com.alibaba.json.bvt.asm.SortFieldTest.test_1
fastjson,e05e9c5e4be580691cc55a59f3256595393203a1,com.alibaba.json.bvt.issue_1100.Issue1177_1.test_for_issue
adyen-java-api-library,6fb5cd049b57a22d2ec4465d204c15f1c90dd325,com.adyen.CheckoutTest.TestPayPalDetails
